{
    "prepare_queue": {
        "installed": [],
        "uninstalled": []
    },
    "config_munge": {
        "files": {
            "config.xml": {
                "parents": {
                    "/*": [
                        {
                            "xml": "<feature name=\"NativeStorage\"><param name=\"browser-package\" value=\"NativeStorage\" /></feature>",
                            "count": 1
                        },
                        {
                            "xml": "<feature name=\"SecureStorage\"><param name=\"browser-package\" value=\"SecureStorage\" /></feature>",
                            "count": 1
                        }
                    ]
                }
            }
        }
    },
    "installed_plugins": {
        "cordova-plugin-geolocation": {
            "PACKAGE_NAME": "com.phonegap.helloworld"
        },
        "cordova-plugin-nativestorage": {
            "PACKAGE_NAME": "com.phonegap.helloworld"
        },
        "cordova-plugin-sqlite": {
            "PACKAGE_NAME": "com.phonegap.helloworld"
        },
        "cordova-plugin-secure-storage": {
            "PACKAGE_NAME": "com.phonegap.helloworld"
        }
    },
    "dependent_plugins": {},
    "modules": [
        {
            "file": "plugins/cordova-plugin-nativestorage/www/mainHandle.js",
            "id": "cordova-plugin-nativestorage.mainHandle",
            "pluginId": "cordova-plugin-nativestorage",
            "clobbers": [
                "NativeStorage"
            ]
        },
        {
            "file": "plugins/cordova-plugin-nativestorage/www/LocalStorageHandle.js",
            "id": "cordova-plugin-nativestorage.LocalStorageHandle",
            "pluginId": "cordova-plugin-nativestorage"
        },
        {
            "file": "plugins/cordova-plugin-nativestorage/www/NativeStorageError.js",
            "id": "cordova-plugin-nativestorage.NativeStorageError",
            "pluginId": "cordova-plugin-nativestorage"
        },
        {
            "file": "plugins/cordova-plugin-sqlite/www/SQLitePlugin.js",
            "id": "cordova-plugin-sqlite.SQLitePlugin",
            "pluginId": "cordova-plugin-sqlite",
            "clobbers": [
                "window.sqlitePlugin",
                "cordova.plugins.sqlitePlugin"
            ]
        },
        {
            "file": "plugins/cordova-plugin-secure-storage/www/securestorage.js",
            "id": "cordova-plugin-secure-storage.SecureStorage",
            "pluginId": "cordova-plugin-secure-storage",
            "clobbers": [
                "SecureStorage"
            ]
        }
    ],
    "plugin_metadata": {
        "cordova-plugin-geolocation": "4.0.1",
        "cordova-plugin-nativestorage": "2.3.2",
        "cordova-plugin-sqlite": "1.0.3",
        "cordova-plugin-secure-storage": "3.0.1"
    }
}