{
    "prepare_queue": {
        "installed": [],
        "uninstalled": []
    },
    "config_munge": {
        "files": {
            "AndroidManifest.xml": {
                "parents": {
                    "/*": [
                        {
                            "xml": "<uses-permission android:name=\"android.permission.ACCESS_COARSE_LOCATION\" />",
                            "count": 1
                        },
                        {
                            "xml": "<uses-permission android:name=\"android.permission.ACCESS_FINE_LOCATION\" />",
                            "count": 1
                        },
                        {
                            "xml": "<uses-feature android:name=\"android.hardware.location.gps\" />",
                            "count": 1
                        }
                    ]
                }
            },
            "res/xml/config.xml": {
                "parents": {
                    "/*": [
                        {
                            "xml": "<feature name=\"Geolocation\"><param name=\"android-package\" value=\"org.apache.cordova.geolocation.Geolocation\" /></feature>",
                            "count": 1
                        },
                        {
                            "xml": "<feature name=\"NativeStorage\"><param name=\"android-package\" value=\"NativeStorage\" /></feature>",
                            "count": 1
                        },
                        {
                            "xml": "<feature name=\"SQLitePlugin\"><param name=\"android-package\" value=\"io.liteglue.SQLitePlugin\" /></feature>",
                            "count": 1
                        },
                        {
                            "xml": "<feature name=\"SecureStorage\"><param name=\"android-package\" value=\"com.crypho.plugins.SecureStorage\" /></feature>",
                            "count": 1
                        }
                    ]
                }
            }
        }
    },
    "installed_plugins": {
        "cordova-plugin-geolocation": {
            "PACKAGE_NAME": "com.phonegap.helloworld"
        },
        "cordova-plugin-nativestorage": {
            "PACKAGE_NAME": "com.phonegap.helloworld"
        },
        "cordova-plugin-sqlite": {
            "PACKAGE_NAME": "com.phonegap.helloworld"
        },
        "cordova-plugin-secure-storage": {
            "PACKAGE_NAME": "com.phonegap.helloworld"
        }
    },
    "dependent_plugins": {},
    "modules": [
        {
            "id": "cordova-plugin-geolocation.geolocation",
            "file": "plugins/cordova-plugin-geolocation/www/android/geolocation.js",
            "pluginId": "cordova-plugin-geolocation",
            "clobbers": [
                "navigator.geolocation"
            ]
        },
        {
            "id": "cordova-plugin-geolocation.PositionError",
            "file": "plugins/cordova-plugin-geolocation/www/PositionError.js",
            "pluginId": "cordova-plugin-geolocation",
            "runs": true
        },
        {
            "id": "cordova-plugin-nativestorage.mainHandle",
            "file": "plugins/cordova-plugin-nativestorage/www/mainHandle.js",
            "pluginId": "cordova-plugin-nativestorage",
            "clobbers": [
                "NativeStorage"
            ]
        },
        {
            "id": "cordova-plugin-nativestorage.LocalStorageHandle",
            "file": "plugins/cordova-plugin-nativestorage/www/LocalStorageHandle.js",
            "pluginId": "cordova-plugin-nativestorage"
        },
        {
            "id": "cordova-plugin-nativestorage.NativeStorageError",
            "file": "plugins/cordova-plugin-nativestorage/www/NativeStorageError.js",
            "pluginId": "cordova-plugin-nativestorage"
        },
        {
            "id": "cordova-plugin-sqlite.SQLitePlugin",
            "file": "plugins/cordova-plugin-sqlite/www/SQLitePlugin.js",
            "pluginId": "cordova-plugin-sqlite",
            "clobbers": [
                "window.sqlitePlugin",
                "cordova.plugins.sqlitePlugin"
            ]
        },
        {
            "id": "cordova-plugin-secure-storage.SecureStorage",
            "file": "plugins/cordova-plugin-secure-storage/www/securestorage.js",
            "pluginId": "cordova-plugin-secure-storage",
            "clobbers": [
                "SecureStorage"
            ]
        }
    ],
    "plugin_metadata": {
        "cordova-plugin-geolocation": "4.0.1",
        "cordova-plugin-nativestorage": "2.3.2",
        "cordova-plugin-sqlite": "1.0.3",
        "cordova-plugin-secure-storage": "3.0.1"
    }
}